no,단어,뜻,등급,변형1,변형2
2,abandon,버리다,중고,,
3,able,할 수 있는,중고,,
4,aboard,배로,중고,,
8,abroad,외국으로,중고,,
9,absent,부재의,중고,,
10,absolute,절대의,중고,,
11,absorb,흡수하다,중고,,
12,abstract,추상적인,중고,,
14,abundant,풍부한,중고,,
15,abuse,남용,중고,,
17,accelerate,가속하다 속도가 가해지다,중고,,
19,accept,받아들이다,중고,,
20,access,접근,중고,,
22,accommodate,수용하다,중고,,
23,accompany,동반하다,중고,,
24,accomplish,이루다,중고,,
26,account,설명하다 계산,중고,,
28,accurate,정확한,중고,,
29,accuse,고발하다,중고,,
30,achieve,성취하다,중고,,
31,acid,산 신,중고,,
32,acknowledge,인정하다,중고,,
34,acquire,얻다,중고,,
38,activate,활동적으로 하다,중고,,
39,actual,현실의,중고,,
40,acute,날카로운,중고,,
41,adapt,적용시키다,중고,,
43,addict,열중하게 하다,중고,,
45,adequate,충분한,중고,,
46,adjust,맞추다,중고,,
47,administer,관리하다,중고,,
48,admire,감복하다,중고,,
49,admission,입장,중고,,
50,admit,받아들이다,중고,,
51,adolescent,청년기의,중고,,
52,adopt,채용하다,중고,,
54,advance,나아가다,중고,,
55,advantage,유리한 입장,중고,,
58,advertize,광고하다,중고,advertise,
60,advocate,변호사,중고,,
62,affair,일,중고,,
63,affect,영향을 주다,중고,,
64,affection,애정,중고,,
66,afford,여유가 있다,중고,,
73,agency,기능,중고,,
74,agenda,안건,중고,,
75,agent,대리인,중고,,
76,aggressive,침략적인,중고,,
79,agriculture,농업,중고,,
81,aid,도와 주다,중고,,
82,aim,겨누다,중고,,
85,aircraft,항공기,중고,,
88,aisle,측면복도,중고,,
89,alert,빈틈없는,중고,,
90,alien,외국의,중고,,
91,alike,비슷한,중고,,
92,alive,살아있는,중고,,
95,allow,허락하다,중고,,
96,ally,동맹하다,중고,,
100,alongside,-의 곁에,중고,,
105,alter,바꾸다,중고,,
106,alternative,어느 한쪽의 양자택일,중고,,
107,although,비록 -일지라도,중고,,
108,altogether,전혀,중고,,
111,amaze,깜짝 놀라게 하다,중고,,
112,ambassador,대사,중고,,
113,ambition,야심,중고,,
114,among,-중에,중고,,
115,amount,(금액이)-이 되다,중고,,
117,amuse,재미나게 하다,중고,,
118,analyze,분해하다,중고,analyse,
119,anchor,닻,중고,,
120,ancient,옛날의,중고,,
124,angle,각,중고,,
126,anniversary,기념일 예년의,중고,,
127,announce,알리다,중고,,
128,annoy,귀찮게하다,중고,,
129,annual,일년의,중고,,
133,anticipate,예기하다,중고,,
134,anxiety,근심,중고,,
135,anxious,걱정되는,중고,,
137,apart,떨어져서,중고,,
138,apology,사과,중고,,
139,apparent,명백한,중고,,
140,appeal,간청하다,중고,,
141,appear,나타나다,중고,,
143,applicant,지원자,중고,,
144,apply,(물건을)대다,중고,,
145,appoint,지정하다,중고,,
146,appreciate,감상하다,중고,,
147,approach,다가가다,중고,,
148,appropriate,적당한,중고,,
149,approve,시인하다,중고,,
150,approximate,어림셈의,중고,,
151,architect,건축가,중고,,
152,architecture,건축,중고,,
155,argue,논하다,중고,,
156,arise,생기다,중고,,
158,army,육군,중고,,
160,arrange,가지런히 하다,중고,,
161,arrest,체포하다,중고,,
163,arrow,화살,중고,,
165,article,물품,중고,,
166,artificial,인공의,중고,,
168,ash,회,중고,,
169,aside,곁에,중고,,
171,asleep,잠들은,중고,,
172,aspect,관점,중고,,
173,aspire,열망하다,중고,,
175,assemble,모으다,중고,,
176,assert,단언하다,중고,,
177,assess,(세금 등을)사정하다,중고,,
178,asset,자산,중고,,
179,assign,할당하다,중고,,
180,assist,돕다,중고,,
181,associate,연상하다,중고,,
182,assume,취하다,중고,,
183,assure,보증하다,중고,,
184,astonish,놀라게 하다,중고,,
186,athlete,운동가,중고,,
187,atmosphere,대기,중고,,
188,atom,원자,중고,,
189,attach,붙이다,중고,,
190,attack,공격하다,중고,,
191,attain,이르다,중고,,
192,attempt,시도하다,중고,,
193,attend,출석하다,중고,,
194,attention,주의,중고,,
195,attitude,태도,중고,,
197,attract,끌어 당기다,중고,,
198,attribute,속성,중고,,
199,auction,경매,중고,,
200,audience,청중,중고,,
203,author,저자,중고,,
204,autobiography,자서전,중고,,
205,automatic,자동의,중고,,
206,automobile,자동차 자동차의,중고,,
207,available,쓸모있는,중고,,
208,avenue,가로수길,중고,,
209,average,평균,중고,,
210,avoid,피하다,중고,,
211,await,기다리다,중고,,
212,awake,깨우다,중고,,
213,award,상,중고,,
214,aware,알고 있는,중고,,
216,awesome,무서운,중고,,
217,awful,두려운,중고,,
218,awkward,어색한,중고,,
224,balance,균형,중고,,
227,ban,금지,중고,,
229,bang,강타,중고,,
232,bar,막대기,중고,,
233,bare,벌거벗은,중고,,
234,bargain,매매,중고,,
235,bark,짖다,중고,,
236,barn,헛간,중고,,
237,barrier,장벽,중고,,
241,basis,기초,중고,,
249,bay,만,중고,,
252,beam,광선,중고,,
255,beard,턱수염,중고,,
256,beast,짐승,중고,,
257,beat,치다,중고,,
265,beer,맥주,중고,,
267,beg,청하다,중고,,
269,behalf,위함,중고,,
270,behave,행동하다,중고,,
271,behavior,행동,중고,behaviour,
275,belong,속하다,중고,,
277,bend,구부리다,중고,,
278,beneath,-의 바로 아래에,중고,,
279,benefit,이익,중고,,
280,berry,액과,중고,,
282,bet,걸다,중고,,
283,betray,배반하다,중고,,
285,beyond,저편에,중고,,
286,bias,치우침,중고,,
287,bible,"성서, 성경",중고,,
291,billion,10억,중고,,
292,bin,궤,중고,,
293,bind,매다,중고,,
294,biography,전기,중고,,
295,biology,생물학,중고,,
300,bit,bite의 과거(분사) 작은 조각,중고,,
302,bitter,쓴,중고,,
304,blame,책망하다,중고,,
305,blank,공백,중고,,
306,blanket,담요,중고,,
308,blend,혼합하다,중고,,
309,bless,축복하다,중고,,
310,blind,눈먼,중고,,
311,blink,(눈을)깜빡거리다,중고,,
313,blonde,(살결이 흰)금발의 여성,중고,,
315,bloom,쇳덩이,중고,,
316,blossom,(과수의)꽃,중고,,
317,blow,강타,중고,,
322,boil,끓다,중고,,
323,bold,대담한,중고,,
325,bond,결속,중고,,
328,boom,굉음,중고,,
329,boost,뒤를 밀기,중고,,
331,border,가장자리,중고,,
332,bore,고조,중고,,
336,bother,괴롭히다 근심하다 귀찮음,중고,,
339,bounce,뛰어오르다,중고,,
340,boundary,경계,중고,,
341,bow,절,중고,,
352,breast,가슴,중고,,
353,breathe,숨쉬다,중고,,
355,breeze,미풍,중고,,
357,brick,벽돌,중고,,
358,bride,신부,중고,,
360,brief,단시간의,중고,,
362,brilliant,빛나는,중고,,
364,broad,(폭이)넓은,중고,,
365,broadcast,방송하다,중고,,
371,budget,예산,중고,,
375,bull,황소,중고,,
376,bullet,탄환,중고,,
377,bully,약한 자를 못살게 구는 자,중고,,
378,bump,충돌 부딪치다,중고,,
379,bunch,송이,중고,,
380,bundle,다발,중고,,
381,burden,후렴,중고,,
383,burst,파열하다,중고,,
384,bury,묻다,중고,,
385,bush,덤불,중고,,
389,butcher,정육점주인,중고,,
392,buzz,윙윙거리는 소리,중고,,
394,cab,택시,중고,,
395,cabin,선실,중고,,
396,cable,해저전신,중고,,
398,calculate,계산하다,중고,,
403,cancel,취소하다,중고,,
404,cancer,암,중고,,
405,candidate,지원자,중고,,
407,canvas,돛베,중고,,
409,capable,할 수 있는,중고,,
410,cape,곶,중고,,
411,capital,수위의,중고,,
414,capture,붙잡다(=catch),중고,,
417,career,경력,중고,,
421,carve,조각하다,중고,,
424,cast,던지다,중고,,
426,casual,우연한,중고,,
429,category,범주,중고,,
432,cattle,소,중고,,
433,causal,원인의,중고,,
434,cause,원인,중고,,
435,caution,조심,중고,,
436,cave,동굴 굴을 파다 꺼지다,중고,,
437,cease,그만두다 그치다 중지,중고,,
438,ceiling,천장,중고,,
439,celebrate,경축하다,중고,,
440,celebrity,명성,중고,,
441,cell,작은 방,중고,,
442,censor,검열관,중고,,
443,century,1세기,중고,,
445,certificate,증명서,중고,,
448,chairman,의장,중고,,
449,challenge,도전,중고,,
453,chaos,혼돈,중고,,
454,character,인격,중고,,
455,characteristic,특유한,중고,,
456,charge,요금,중고,,
457,charity,자비,중고,,
458,charm,매력,중고,,
459,chase,쫓다,중고,,
460,chat,잡담,중고,,
463,cheek,볼,중고,,
464,cheer,갈채,중고,,
465,chef,쿡,중고,,
466,chemical,화학의,중고,,
467,chemistry,화학,중고,,
468,chest,가슴팍,중고,,
469,chew,씹다,중고,,
470,chief,우두머리,중고,,
472,chill,차가움,중고,,
473,chin,턱(끝) 턱에 대다,중고,,
474,chip,(나무)토막,중고,,
475,choir,(교회의)성가대,중고,,
477,chop,(도끼 등으로)자르다,중고,,
478,chorus,합창,중고,,
481,cigarette,궐련,중고,,
484,circulate,순환하다,중고,,
485,circumstance,환경,중고,,
486,cite,인용하다(quote),중고,,
487,citizen,시민,중고,,
489,civil,시민의,중고,,
490,claim,요구하다,중고,,
491,clap,짝짝,중고,,
492,clarify,맑게 하다,중고,,
493,clash,충돌하다,중고,,
495,classic,고전의,중고,,
496,classify,분류하다,중고,,
498,clause,조항,중고,,
499,clay,찰흙,중고,,
504,client,소송의뢰인,중고,,
505,cliff,절벽,중고,,
506,climate,기후,중고,,
508,cling,밀착하다,중고,,
509,clinic,병원,중고,,
516,clue,단서,중고,,
517,cluster,떼,중고,,
518,coach,역마차,중고,,
519,coal,석탄,중고,,
520,coast,연안,중고,,
521,code,법전,중고,,
523,coincide,일치하다,중고,,
525,collaborate,공동으로 일하다,중고,,
526,collapse,붕괴,중고,,
527,collar,칼라,중고,,
528,colleague,동료,중고,,
531,colony,식민지,중고,,
533,column,(신문 등의)난,중고,,
534,combat,격투하다,중고,,
535,combine,결합하다,중고,,
538,comfort,위안,중고,,
539,command,명령하다,중고,,
541,comment,논평,중고,,
542,commerce,상업,중고,,
543,commission,위임,중고,,
544,commit,위탁하다,중고,,
545,committee,위원회,중고,,
547,communicate,알리다,중고,,
548,communist,공산주의자,중고,,
549,community,공동생활체,중고,,
550,companion,동료,중고,,
552,compare,비교하다,중고,,
556,compete,경쟁하다,중고,,
557,competent,능력있는,중고,,
559,complain,불평하다,중고,,
560,complement,보완하는 것,중고,,
561,complete,완성하다,중고,,
562,complex,합성물,중고,,
563,complicate,복잡하게 하다,중고,,
565,compose,구성하다,중고,,
567,comprehensive,이해력있는,중고,,
571,conceal,숨기다,중고,,
573,concentrate,집중하다,중고,,
574,concept,개념,중고,,
575,concern,관계하다,중고,,
577,conclude,결정하다,중고,,
578,concrete,구체적인 응고물,중고,,
581,conduct,행위 이끌다,중고,,
583,confess,실토하다,중고,,
584,confident,확신하는,중고,,
585,confine,국경,중고,,
586,confirm,확인하다,중고,,
587,conflict,투쟁,중고,,
588,conform,일치시키다,중고,,
589,confront,직면하다,중고,,
590,confuse,혼란시키다,중고,,
592,congress,회의,중고,,
593,connect,잇다 이어지다,중고,,
594,conscience,양심,중고,,
595,conscious,의식적인,중고,,
599,consider,숙고하다,중고,,
600,consist,-으로 이루어지다,중고,,
601,consistent,시종일관한,중고,,
602,constant,불변의,중고,,
605,construct,건조하다,중고,,
606,consult,상의하다,중고,,
607,consume,소비하다,중고,,
608,contact,접촉,중고,,
609,contain,내포하다,중고,,
612,content,만족하여,중고,,
614,context,문맥,중고,,
615,continent,자제심이 있는,중고,,
616,continue,계속하다,중고,,
617,contract,계약,중고,,
619,contrary,반대의 반대 거꾸로,중고,,
620,contrast,대조,중고,,
621,contribute,기부하다,중고,,
623,controversy,논쟁,중고,,
624,convenient,편리한,중고,,
626,conversation,회화,중고,,
628,convey,나르다,중고,,
629,convict,유죄로 판결하다 죄수,중고,,
630,convince,확신시키다,중고,,
634,cooperate,협동하다,중고,,
636,cop,순경,중고,,
637,cope,코우프(성직자의 긴 겉옷),중고,,
639,copyright,판권,중고,,
640,cord,밧줄,중고,,
641,core,핵심,중고,,
642,corn,티눈,중고,,
644,corporate,법인조직의,중고,,
645,correct,옳은,중고,,
646,correspond,일치하다,중고,,
648,corrupt,타락한,중고,,
650,costume,복장,중고,,
651,cottage,시골집,중고,,
653,couch,침대,중고,,
654,cough,기침 기침을 하다 기침을 하여 -을 뱉어내다,중고,,
656,council,회의,중고,,
657,counsel,의논,중고,,
658,count,계산,중고,,
659,counter,계산하는 사람,중고,,
665,courage,용기,중고,,
669,cowboy,목동,중고,,
670,crack,찰싹 소리내다 금가다 날카로운소리,중고,,
671,craft,솜씨,중고,,
672,crash,도산,중고,,
673,crawl,네발로 기다,중고,,
675,create,창조하다,중고,,
676,creature,창조물,중고,,
677,credible,믿을 수 있는,중고,,
678,credit,신용,중고,,
681,crew,승무원,중고,,
682,cricket,크리켓,중고,,
683,crime,범죄,중고,,
684,criminal,죄의,중고,,
685,crisis,위기,중고,,
686,crisp,파삭파삭한,중고,,
688,critic,비평가,중고,,
689,criticize,비평하다,중고,criticise,
690,criticism,비평,중고,,
691,crop,수확,중고,,
695,crucial,결정적인,중고,,
696,cruel,잔인한,중고,,
697,cruise,순항하다,중고,,
698,crush,눌러 부수다,중고,,
700,crystal,수정,중고,,
701,cultivate,경작하다,중고,,
703,cupboard,찬장,중고,,
704,cure,치료,중고,,
706,curl,곱슬머리 머리털을 지지다,중고,,
708,current,유행의,중고,,
710,curry,카레요리 카레로 맛을 내다,중고,,
713,curve,곡선,중고,,
715,custom,습관,중고,,
722,dairy,낙농장,중고,,
723,dam,댐,중고,,
724,damage,손해,중고,,
725,damp,축축한 습기 적시다,중고,,
728,dare,au감히 -하다,중고,,
730,darling,귀여운,중고,,
731,dash,돌진,중고,,
732,database,데이터베이스,중고,,
735,dawn,새벽 날이 새다,중고,,
738,deal,양,중고,,
740,debate,토론 토론하다,중고,,
741,debt,빚,중고,,
742,decade,10년간,중고,,
743,decay,쇠퇴하다,중고,,
746,decision,결정,중고,,
747,deck,갑판,중고,,
748,declare,선언하다,중고,,
749,decline,기울다,중고,,
750,decorate,장식하다,중고,,
751,decrease,감소하다,중고,,
754,defeat,패배,중고,,
755,defense,방어,중고,defence,
756,defend,방어하다,중고,,
757,defendant,피고 피고의,중고,,
760,define,정의하다,중고,,
761,definite,일정한,중고,,
763,degree,도,중고,,
764,delay,늦추다,중고,,
766,delete,삭제하다,중고,,
768,delicate,미묘한,중고,,
770,delight,즐겁게하다 즐거워하다,중고,,
771,deliver,인도하다,중고,,
772,demand,요구하다,중고,,
773,democracy,민주주의,중고,,
774,democrat,민주주의자,중고,,
775,demon,악마,중고,,
776,demonstrate,증명하다,중고,,
777,dense,짙은,중고,,
779,deny,부정하다,중고,,
780,department,부,중고,,
781,departure,출발,중고,,
782,depend,좌우되다,중고,,
783,dependence,종속,중고,,
786,depress,억압하다,중고,,
788,derive,이끌어 내다,중고,,
789,descend,내려오다,중고,,
790,describe,기술하다,중고,,
791,description,서술,중고,,
792,desert,버리다,중고,,
793,deserve, -할 만하다,중고,,
796,desire,바라다,중고,,
798,despair,절망하다,중고,,
799,desperate,절망적인,중고,,
800,despite,-에도 불구하고 모욕,중고,,
801,destination,목적지,중고,,
802,destiny,운명,중고,,
803,destroy,파괴하다,중고,,
804,destruction,파괴,중고,,
805,detach,분리하다,중고,,
806,detail,상설,중고,,
807,detect,간파하다,중고,,
808,determine,결정하다,중고,,
809,develop,발달하다,중고,,
810,device,고안,중고,,
811,devil,악마,중고,,
812,devise,고안하다,중고,,
813,devote,바치다,중고,,
818,dictionary,사전,중고,,
822,dig,파다,중고,,
825,diminish,감소하다,중고,,
828,dip,담그다,중고,,
829,diplomat,외교관,중고,,
830,direct,지도하다,중고,,
832,disabled,불구가 된,중고,,
833,disadvantage,불리,중고,,
834,disagree,일치하지 않다,중고,,
835,disappear,안보이게 되다,중고,,
836,disappoint,실망시키다,중고,,
837,disaster,천재,중고,,
839,discipline,훈련,중고,,
840,disclose,나타내다,중고,,
841,discount,할인,중고,,
843,discover,발견하다,중고,,
846,disease,병,중고,,
847,disgust,불쾌하게 하다,중고,,
849,dismiss,떠나게 하다,중고,,
850,disorder,난잡,중고,,
852,display,보이다,중고,,
853,dispose,배열하다,중고,,
856,distant,떨어진,중고,,
858,distract,전환시키다,중고,,
859,distribute,분배하다,중고,,
860,district,지구,중고,,
861,disturb,교란하다,중고,,
862,dive,뛰어들다,중고,,
863,diverse,다양한,중고,,
866,divorce,이혼,중고,,
869,document,서류,중고,,
873,domain,영토,중고,,
874,domestic,가정의,중고,,
876,donate,증여하다,중고,,
879,dot,점,중고,,
881,doubt,의심,중고,,
883,dozen,1다스,중고,,
885,drag,끌다,중고,,
888,drawer,제도사,중고,,
894,drown,물에빠뜨리다,중고,,
895,drug,약제,중고,,
899,due,지급기일이 된,중고,,
900,dull,둔한,중고,,
901,dump,내버리다,중고,,
903,dust,먼지,중고,,
904,duty,의무,중고,,
905,dwell,거주하다,중고,,
906,dynamic,동적인,중고,,
907,each,각각의,중고,,
908,eager,열심인,중고,,
911,earn,일하여 벌다,중고,,
913,ease,안락,중고,,
917,economy,절약,중고,,
918,edge,끝머리,중고,,
919,edit,편집하다,중고,,
920,educate,교육하다,중고,,
921,effect,결과,중고,,
922,effective,효과적인,중고,,
923,efficient,능률적인,중고,,
924,effort,노력,중고,,
926,either,어느 하나의,중고,,
928,elect,선거하다,중고,,
929,electric,전기의,중고,,
930,electronic,전자(학)의,중고,,
931,elegant,우아한,중고,,
932,element,요소,중고,,
935,eliminate,제거하다,중고,,
936,else,그 밖에,중고,,
937,embarrass,난처하게 하다,중고,,
938,embassy,대사관,중고,,
940,emerge,나오다,중고,,
941,emergency,비상사태,중고,,
943,emotion,감정,중고,,
944,emphasis,강조,중고,,
945,empire,제국,중고,,
946,employ,고용하다,중고,,
947,empty,빈,중고,,
948,enclose,에워싸다,중고,,
949,encounter,조우,중고,,
950,encourage,용기를 돋우다,중고,,
952,endure,견디다,중고,,
953,enemy,적,중고,,
955,engage,약속하다,중고,,
958,enhance,향상하다,중고,,
960,enormous,거대한,중고,,
963,ensure,-을 책임지다,중고,,
965,enterprise,기획,중고,,
966,entertain,즐겁게 하다,중고,,
967,enthusiastic,열심인,중고,,
968,entire,전체의,중고,,
970,entry,들어감,중고,,
971,envelope,봉투,중고,,
972,environment,환경,중고,,
973,envy,질투,중고,,
974,episode,삽화,중고,,
975,equal,같은,중고,,
977,equipment,장비,중고,,
978,era,시대,중고,,
982,escape,도망하다,중고,,
983,escort,호위하다,중고,,
984,especially,특히,중고,,
985,essential,본질적인,중고,,
986,establish,확립하다,중고,,
988,estimate,어림잡다,중고,,
989,etc,등등,중고,et cetera,
993,evaluate,평가하다,중고,,
994,eve,"저녁, 밤",중고,,
995,even,-조차,중고,,
997,eventually,결국,중고,,
998,ever,이전에,중고,,
1000,evident,명백한,중고,,
1001,evil,사악한,중고,,
1002,evolution,진화,중고,,
1003,evolve,진화하다,중고,,
1004,exact,정확한,중고,,
1005,exaggerate,과장하다,중고,,
1007,examine,시험하다,중고,,
1009,exceed,넘다,중고,,
1010,excellent,우수한,중고,,
1011,except,-을 제외하고는 제외하다,중고,,
1012,excess,초과,중고,,
1013,exchange,교환하다,중고,,
1014,excite,흥분시키다,중고,,
1015,exclude,배척하다,중고,,
1017,excuse,변명,중고,,
1020,exhaust,다 써버리다,중고,,
1021,exhibit,보이다,중고,,
1022,exist,존재하다,중고,,
1024,exotic,외국의,중고,,
1025,expand,펴다,중고,,
1026,expect,기대하다,중고,,
1027,expense,지출,중고,,
1028,expensive,비용이 드는,중고,,
1029,experience,경험,중고,,
1030,experiment,실험,중고,,
1031,expert,숙련가,중고,,
1033,explain,설명하다,중고,,
1035,explode,폭발시키다,중고,,
1036,explore,탐험하다,중고,,
1037,export,수출하다 수출,중고,,
1038,expose,"쐬다, 드러내다, 맞히다",중고,,
1039,express,발표하다,중고,,
1040,extend,뻗다,중고,,
1041,extent,넓이,중고,,
1042,external,외부의,중고,,
1043,extinct,꺼진,중고,,
1044,extra,가외의,중고,,
1047,extreme,극단의,중고,,
1049,eyebrow,눈썹,중고,,
1050,fabric,천,중고,,
1053,facility,쉬움,중고,,
1055,factor,요소,중고,,
1058,fade,바래다,중고,,
1060,faint,기절하다,중고,,
1061,fair,공평한,중고,,
1062,faith,신용,중고,,
1064,false,거짓,중고,,
1065,fame,명성,중고,,
1066,familiar,친한,중고,,
1070,fancy,공상,중고,,
1073,fare,요금,중고,,
1075,fascinate,황홀케 하다,중고,,
1077,fasten,단단히 고정시키다,중고,,
1080,fate,숙명,중고,,
1082,fault,결점,중고,,
1083,favor,호의,중고,favour,
1085,fear,두려움,중고,,
1086,feature,얼굴의 생김새,중고,,
1088,fee,요금,중고,,
1089,feed,음식(먹이)을 주다,중고,,
1091,fellow,동무,중고,,
1092,female,여성,중고,,
1093,ferry,나루터,중고,,
1096,few,소수의,중고,,
1097,fiber,섬유,중고,fibre,
1099,fierce,흉포한,중고,,
1101,figure,모습,중고,,
1104,filter,여과기 여과하다,중고,,
1105,final,최후의,중고,,
1106,finance,재정,중고,,
1111,finite,한정되어 있는,중고,,
1113,firm,굳은,중고,,
1115,fist,주먹,중고,,
1116,fit,맞는,중고,,
1119,flame,불꽃,중고,,
1120,flash,번쩍임,중고,,
1121,flat,편평한,중고,,
1122,flavor,(독특한)맛,중고,flavour,
1123,flaw,금,중고,,
1125,flesh,살,중고,,
1126,flexible,구부리기 쉬운,중고,,
1127,flight,날기,중고,,
1129,float,뜨다,중고,,
1130,flock,무리,중고,,
1131,flood,홍수,중고,,
1133,flourish,번창하다,중고,,
1134,flow,흐르다,중고,,
1141,fold,주름,중고,,
1142,folk,사람들,중고,,
1143,follow,쫓다,중고,,
1150,forbid,금하다,중고,,
1151,force,힘,중고,,
1152,forecast,예상,중고,,
1153,forehead,이마,중고,,
1154,foreign,외국의,중고,,
1158,forgive,용서하다,중고,,
1160,formal,형식상의,중고,,
1161,format,(서적의)체제,중고,,
1162,formation,형성,중고,,
1163,former,이전의,중고,,
1165,forth,앞으로,중고,,
1166,fortunate,운좋은,중고,,
1167,fortune,운,중고,,
1168,forum,공개토론회,중고,,
1169,forward,앞쪽에,중고,,
1171,foundation,기초,중고,,
1172,fountain,샘,중고,,
1175,frame,구조,중고,,
1176,framework,뼈대,중고,,
1177,frankly,솔직히,중고,,
1179,freeze,얼다,중고,,
1180,frequent,빈번한,중고,,
1183,fright,(갑자기 엄습하는)공포,중고,,
1188,frown,눈살을 찌푸리다,중고,,
1190,frustrate,(계획 등을)좌절시키다,중고,,
1192,fuel,연료,중고,,
1193,fulfil,이행하다,중고,,
1196,function,기능,중고,,
1197,fund,기금,중고,,
1198,fundamental,기초(기준)의,중고,,
1199,funeral,장사,중고,,
1200,fur,모피,중고,,
1203,furniture,가구,중고,,
1204,furthermore,더우기,중고,,
1207,gain,얻다,중고,,
1208,gamble,도박하다 도박 도박해서 잃다,중고,,
1209,gang,한 떼,중고,,
1210,gap,갈라진 틈,중고,,
1211,garage,차고,중고,,
1215,gather,그러모으다,중고,,
1217,gear,톱니바퀴,중고,,
1218,gender,성,중고,,
1219,gene,유전(인)자,중고,,
1220,general,일반적인,중고,,
1222,generation,일대,중고,,
1223,generous,광대한,중고,,
1224,genius,천재,중고,,
1225,genre,유형,중고,,
1226,gentle,온화한,중고,,
1228,genuine,진짜의,중고,,
1229,geography,지리,중고,,
1230,geology,지질학,중고,,
1240,glance,흘긋 봄,중고,,
1244,global,공모양의,중고,,
1245,glory,영광,중고,,
1247,glow,타다,중고,,
1251,goat,염소,중고,,
1256,goods,상품,중고,,
1257,gorgeous,호화로운,중고,,
1258,govern,다스리다,중고,,
1259,grab,붙잡다(=snatch),중고,,
1260,grace,은총,중고,,
1261,grade,등급,중고,,
1262,gradual,점차적인,중고,,
1263,graduate,학위를 수여하다,중고,,
1264,grain,곡물,중고,,
1265,grand,위대한,중고,,
1267,grant,받아들이다,중고,,
1269,graphic,그려 놓은 듯한,중고,,
1272,grateful,고맙게 생각하는,중고,,
1273,grave,무덤,중고,,
1275,greed,탐욕,중고,,
1277,greet,인사하다,중고,,
1279,grief,심한 슬픔(deep sorrow),중고,,
1280,grip,잡기,중고,,
1281,grocery,식품잡화류,중고,,
1286,guarantee,보증하다,중고,,
1289,guest,손님,중고,,
1291,guideline,지침,중고,,
1292,guilty,죄지은,중고,,
1294,gun,총,중고,,
1296,gymnasium,실내체조장,중고,gym,
1300,half,반,중고,,
1301,hall,회관,중고,,
1303,hammer,망치,중고,,
1305,handicap,불리한 조건,중고,,
1306,handle,손잡이,중고,,
1309,happen,(사건 등이)일어나다,중고,,
1311,harbor,항구,중고,harbour,
1313,hardly,거의 -아니다,중고,,
1314,harm,해,중고,,
1315,harsh,거친,중고,,
1316,harvest,수확,중고,,
1317,haste,급함,중고,,
1322,hazard,위험,중고,,
1327,heal,고치다,중고,,
1328,health,건강,중고,,
1329,hear,듣다,중고,,
1334,heel,발뒤꿈치,중고,,
1335,height,높이,중고,,
1338,hell,지옥,중고,,
1345,hesitate,주저하다,중고,,
1346,hide,감추다,중고,,
1348,highway,대도,중고,,
1350,hip,엉덩이,중고,,
1351,hire,고용하다,중고,,
1356,hole,구멍,중고,,
1358,holy,신성한,중고,,
1363,honor,명예,중고,honour,
1366,horizon,지평선,중고,,
1368,horror,공포,중고,,
1371,host,"주인, 집주인 노릇, 호스트",중고,,
1377,household,가족,중고,,
1380,hug,꼭 껴안다,중고,,
1381,huge,거대한,중고,,
1388,hurt,상처내다,중고,,
1390,hut,오두막,중고,,
1395,ideal,이상,중고,,
1396,identical,아주 동일한,중고,,
1397,identify,동일시하다,중고,,
1400,ignore,무시하다,중고,,
1401,ill,병든,중고,,
1403,illustrate,설명하다,중고,,
1404,imagine,상상하다,중고,,
1405,imitate,흉내내다,중고,,
1406,immediate,직접의,중고,,
1409,immune,면역성의,중고,,
1410,impact,충격,중고,,
1411,imperial,제국의,중고,,
1414,import,수입하다,중고,,
1417,impress,인상지우다,중고,,
1418,improve,개선하다,중고,,
1420,incentive,자극적인,중고,,
1421,incident,사건,중고,,
1423,include,포함하다,중고,,
1424,income,수입,중고,,
1426,increase,늘다,중고,,
1427,incredible,믿을 수 없는,중고,,
1428,indeed,참으로,중고,,
1429,independent,독립한,중고,,
1431,indicate,지적하다,중고,,
1432,individual,개인,중고,,
1434,industry,공업,중고,,
1436,infant,유아,중고,,
1440,influence,영향력,중고,,
1441,inform,알리다,중고,,
1442,informal,비공식의,중고,,
1443,ingredient,성분,중고,,
1444,inhabit,살다,중고,,
1447,initial,처음의,중고,,
1448,initiate,시작하다,중고,,
1449,inject,주사하다,중고,,
1450,injure,해치다,중고,,
1451,inn,여인숙,중고,,
1452,innocent,무구한,중고,,
1453,innovate,새롭게 하다,중고,,
1454,input,투입,중고,,
1456,insect,곤충,중고,,
1457,insert,끼워넣다,중고,,
1459,insight,통찰(력),중고,,
1460,insist,주장하다,중고,,
1461,inspect,검사하다,중고,,
1462,inspire,영감을 주다,중고,,
1463,install,설치하다,중고,,
1464,instance,실례,중고,,
1465,instant,즉시의,중고,,
1466,instead,그 대신에,중고,,
1467,instinct,본능,중고,,
1468,institute,만들다,중고,,
1469,instruct,가르치다,중고,,
1470,instrument,기구,중고,,
1471,insult,모욕하다,중고,,
1472,insure,보증하다,중고,,
1474,intellectual,지적인,중고,,
1475,intelligent,지적인,중고,,
1476,intend,-할 작정이다,중고,,
1477,intense,강렬한,중고,,
1478,intent,의향,중고,,
1479,interact,서로 작용하다,중고,,
1480,interest,흥미,중고,,
1481,interfere,간섭하다,중고,,
1482,intermediate,중간의 중간물,중고,,
1483,internal,내부의,중고,,
1484,international,국제적인,중고,,
1485,interpret,해석하다,중고,,
1486,interrupt,훼방놓다,중고,,
1487,interval,간격,중고,,
1489,intimate,친밀한,중고,,
1493,invade,침입하다,중고,,
1494,invent,발명하다,중고,,
1495,invest,투자하다,중고,,
1496,investigate,조사하다,중고,,
1498,involve,말아넣다,중고,,
1499,iron,쇠,중고,,
1500,irony,반어,중고,,
1501,irritate,노하게 하다,중고,,
1502,island,섬,중고,,
1503,isolate,고립시키다,중고,,
1505,item,조항,중고,,
1506,jail,교도소,중고,,
1507,jar,(아가리가 넓은)항아리,중고,,
1508,jaw,턱,중고,,
1510,jet,(가스등의)분출,중고,,
1512,jog,살짝 밀다 덜커덕 움직이다 고르지 않음,중고,,
1514,joint,이음매,중고,,
1515,joke,농담,중고,,
1516,journal,일간신문,중고,,
1517,journey,여행,중고,,
1519,judge,재판관,중고,,
1521,junior,손아래사람,중고,,
1522,jury,배심,중고,,
1524,justice,정의,중고,,
1525,justify,옳다고 하다,중고,,
1534,kit,연장통,중고,,
1536,knee,무릎,중고,,
1538,knight,(중세의)기사,중고,,
1539,knock,치다,중고,,
1542,label,라벨,중고,,
1543,labor,노동,중고,labour,
1544,laboratory,실험실,중고,lab,
1545,lack,결핍,중고,,
1546,ladder,사닥다리,중고,,
1549,lamb,어린 양,중고,,
1550,lamp,등,중고,,
1552,landscape,풍경,중고,,
1553,lane,좁은길,중고,,
1554,language,언어,중고,,
1555,lap,무릎,중고,,
1559,latter,뒤쪽의,중고,,
1560,laugh,(소리내어)웃다,중고,,
1561,launch,진수시키다,중고,,
1562,laundry,세탁물,중고,,
1563,law,법률,중고,,
1564,lawn,잔디밭,중고,,
1565,lawyer,법률가,중고,,
1566,lay,눕히다,중고,,
1567,layer,층,중고,,
1569,lead,이끌다,중고,,
1571,leak,샘,중고,,
1572,lean,기대다,중고,,
1573,leap,껑충 뛰다,중고,,
1576,leather,무두질한 가죽,중고,,
1577,leave,남기고가다,중고,,
1578,lecture,강의,중고,,
1581,legal,법률상의,중고,,
1582,legend,전설,중고,,
1585,leisure,틈,중고,,
1586,lend,빌리다,중고,,
1588,let,시키다,중고,,
1590,level,수평의,중고,,
1591,liberal,자유주의의,중고,,
1592,liberty,자유,중고,,
1594,license,면허,중고,licence,
1595,lid,뚜껑,중고,,
1597,lift,끌어올리다,중고,,
1600,likely,있을 법한,중고,,
1601,likewise,"같이, 마찬가지로",중고,,
1602,limit,한계,중고,,
1604,linguistic,말의,중고,,
1605,link,사슬의 고리,중고,,
1608,liquid,액체,중고,,
1609,list,일람표,중고,,
1612,literature,문학,중고,,
1616,load,짐,중고,,
1617,loan,대부,중고,,
1618,local,장소의,중고,,
1619,locate,관청 등을 두다,중고,,
1620,lock,자물쇠,중고,,
1621,log,통나무,중고,,
1622,logic,논리학,중고,,
1626,loose,풀어진,중고,,
1627,lose,잃다,중고,,
1628,loss,잃음,중고,,
1629,lot,제비,중고,,
1630,loud,시끄러운,중고,,
1631,lounge,빈둥거리다,중고,,
1634,loyal,충성스러운,중고,,
1638,luxury,사치,중고,,
1639,machine,기계,중고,,
1641,magazine,잡지,중고,,
1642,magnet,자석,중고,,
1645,main,주요한,중고,,
1646,maintain,계속하다,중고,,
1647,major,큰쪽의,중고,,
1648,majority,대다수,중고,,
1650,male,남성의,중고,,
1652,manage,관리하다,중고,,
1655,manner,방법,중고,,
1656,manufacture,제조하다,중고,,
1659,margin,가장자리,중고,,
1660,marine,바다의,중고,,
1661,mark,표,중고,,
1663,marvel,경이,중고,,
1664,mass,덩어리,중고,,
1665,master,장,중고,,
1666,match,성냥,중고,,
1667,mate,상대,중고,,
1668,material,원료,중고,,
1670,matter,물질,중고,,
1671,mature,익은,중고,,
1672,maximum,최고점,중고,,
1674,maybe,아마,중고,,
1675,mayor,시장,중고,,
1676,meal,식사,중고,,
1677,mean,의미하다,중고,,
1678,meantime,그동안 그 사이에,중고,,
1680,measure,재다,중고,,
1682,mechanic,직공,중고,,
1683,mechanism,(기계)장치,중고,,
1684,mediate,중재하다,중고,,
1685,medical,의학의,중고,,
1686,medicine,약,중고,,
1688,medium,중간,중고,,
1690,melt,녹다,중고,,
1692,mental,마음의,중고,,
1693,mention,말하다,중고,,
1694,merchant,상인,중고,,
1697,merit,장점,중고,,
1698,mess,혼란,중고,,
1699,metal,금속,중고,,
1700,method,방법,중고,,
1702,microphone,확성기,중고,,
1703,microwave,극초단파 전자레인지로 요리하다,중고,,
1707,mild,온후한,중고,,
1708,military,군의,중고,,
1710,mill,멧돌,중고,,
1711,million,백만,중고,,
1713,miner,광산업자,중고,,
1714,mineral,광물,중고,,
1715,minimal,최소(한도)의,중고,,
1716,minimum,최소 한도,중고,,
1717,ministry,장관(목사)의 직(소임),중고,,
1718,minor,작은 편의,중고,,
1719,minute,분,중고,,
1720,miracle,기적,중고,,
1723,missile,미사일,중고,,
1724,mission,사명,중고,,
1725,mistake,틀리다,중고,,
1726,mix,섞다,중고,,
1727,mobile,움직이기 쉬운,중고,,
1729,mode,방법,중고,,
1731,modern,현대의,중고,,
1734,moisture,습기,중고,,
1736,moment,순간,중고,,
1738,monitor,충고자,중고,,
1740,monster,괴물,중고,,
1743,mood,(일시적인)기분,중고,,
1745,moral,도덕의,중고,,
1746,moreover,그 위에,중고,,
1750,motion,운동,중고,,
1751,motive,동기,중고,,
1752,mount,산,중고,,
1759,mud,진흙,중고,,
1760,multiple,복합의,중고,,
1761,multiply,늘리다,중고,,
1762,murder,살인,중고,,
1763,muscle,근육,중고,,
1765,mushroom,버섯,중고,,
1769,myth,신화,중고,,
1770,nail,손톱,중고,,
1772,naked,발가벗은,중고,,
1775,narrate,이야기하다,중고,,
1776,narrow,좁은,중고,,
1779,native,타고난,중고,,
1781,navy,해군(력),중고,,
1783,neat,산뜻한,중고,,
1784,necessary,필요한,중고,,
1787,needle,바늘 바늘로 꿰매다 바느질하다 아슬아슬한,중고,,
1788,negative,부정적인,중고,,
1789,neglect,게을리 하다,중고,,
1790,negotiate,교섭하다,중고,,
1791,neighbor,이웃사람(나라),중고,neighbour,
1792,neither,(둘중)어느쪽도 -아니다 -도 아니다,중고,,
1793,nephew,조카,중고,,
1794,nervous,신경의,중고,,
1795,nest,보금자리,중고,,
1796,net,그물,중고,,
1797,network,그물세공,중고,,
1798,neutral,중립의,중고,,
1800,nevertheless,그럼에도 불구하고,중고,,
1806,nightmare,악몽,중고,,
1808,noble,고귀한,중고,,
1809,nobody,아무도 -않다 하찮은 사람,중고,,
1810,nod,끄덕이다,중고,,
1811,noise,소리,중고,,
1813,none,아무도(조금도)-않다 조금도(결코)-않다,중고,,
1815,nonsense,허튼 소리,중고,,
1817,nor,-도 또한-않다,중고,,
1819,normal,표준(의),중고,,
1825,notice,"통지, 통보",중고,,
1827,novel,소설,중고,,
1829,nowadays,"오늘날에는, 요즈음에는",중고,,
1830,nowhere,아무데도 …없다,중고,,
1831,nuclear,"핵의, 핵을 형성하는 원자핵의",중고,,
1836,nut,견과,중고,,
1837,oak,참나무,중고,,
1838,obey,따르다,중고,,
1839,object,사물,중고,,
1840,objective,객관적인,중고,,
1842,observe,관찰하다,중고,,
1844,obtain,얻다,중고,,
1845,obvious,명백한,중고,,
1846,occasion,경우,중고,,
1847,occupation,일직업,중고,,
1848,occupy,차지하다,중고,,
1849,occur,일어나다,중고,,
1851,odd,묘한,중고,,
1854,offend,성나게 하다,중고,,
1855,offer,권하다,중고,,
1857,officer,공무원,중고,,
1858,official,공무원,중고,,
1862,olive,올리브나무,중고,,
1864,once,한번,중고,,
1868,operate,움직이다,중고,,
1869,opinion,의견,중고,,
1870,opportunity,기회,중고,,
1871,oppose,반대하다,중고,,
1872,optimist,낙천가,중고,,
1873,option,선택(권의 자유),중고,,
1875,oral,구두의,중고,,
1877,orchestra,관현악단,중고,,
1878,order,순서,중고,,
1879,ordinary,보통의,중고,,
1880,organ,(생물의)기관,중고,,
1881,organic,유기체의,중고,,
1882,organize,조직하다,중고,organise,
1883,orient,동양 동양의 동쪽으로 향하게 하다,중고,,
1884,origin,기원,중고,,
1885,other,다른 다른 것 그렇지 않고,중고,,
1886,otherwise,딴 방법으로는,중고,,
1887,ought,au해야만 하다,중고,,
1890,outcome,결과,중고,,
1891,outline,윤곽,중고,,
1892,output,산출,중고,,
1894,outstanding,눈에 띄는,중고,,
1896,overall,포괄(전면)적인 덧옷,중고,,
1897,overcome,이기다,중고,,
1898,overhead,머리위에 머리 위의,중고,,
1899,overlap,겹치다,중고,,
1900,overlook,내려다 보다,중고,,
1901,overnight,전날밤의,중고,,
1902,oversea,해외(로부터)의,중고,overseas,
1904,owe,지불할 의무가 있다,중고,,
1905,own,자기자신의 소유하다,중고,,
1906,pace,한걸음,중고,,
1907,pack,꾸러미,중고,,
1908,packet,다발,중고,,
1909,pad,(및에)덧대는 것,중고,,
1910,pain,고통,중고,,
1912,pair,한쌍,중고,,
1914,pale,창백한,중고,,
1915,palm,손바닥,중고,,
1916,pan,남비 사금 등을 남비로 가려내다,중고,,
1918,panic,돌연한공포,중고,,
1921,paragraph,(문장의)절,중고,,
1923,pardon,용서하다 용서,중고,,
1928,participate,참가하다,중고,,
1930,particular,특수한,중고,,
1932,passage,"통행, 통과",중고,,
1933,passenger,승객,중고,,
1934,passion,정열,중고,,
1935,passport,여권,중고,,
1936,past,과거,중고,,
1940,path,작은 길,중고,,
1941,patient,인내심이 강한 환자,중고,,
1943,pattern,모범,중고,,
1944,pause,중지,중고,,
1948,peak,(뾰족한)끝,중고,,
1951,peel,껍질을 벗기다 벗어지다 껍질,중고,,
1952,peer,동료,중고,,
1953,penalty,벌,중고,,
1956,pepper,고추,중고,,
1957,per,-에 의하여,중고,,
1958,perceive,지각하다,중고,,
1959,perfect,완전한,중고,,
1960,perform,다하다,중고,,
1961,perhaps,아마,중고,,
1962,period,시간,중고,,
1963,permanent,영구의,중고,,
1964,permit,허가하다,중고,,
1966,person,사람,중고,,
1967,personality,개성,중고,,
1969,persuade,설득하다,중고,,
1970,pet,애완동물,중고,,
1972,phenomenon,현상,중고,,
1973,philosophy,철학,중고,,
1974,photograph,사진 촬영하다,중고,,
1975,phrase,구,중고,,
1976,physical,물질의,중고,,
1977,physics,물리학,중고,,
1981,piece,한 조각,중고,,
1983,pile,쌓아 올린 것,중고,,
1984,pill,알약,중고,,
1985,pin,핀 핀으로 꽂다,중고,,
1987,pine,소나무 수척해 지다,중고,,
1989,pioneer,개척자,중고,,
1991,pity,불쌍히 여김,중고,,
1993,plain,분명한,중고,,
1995,planet,행성,중고,,
1996,plant,실물,중고,,
1997,plate,판,중고,,
1998,platform,단,중고,,
2000,pleasant,기분 좋은,중고,,
2002,pleasure,즐거움,중고,,
2003,plenty,많음,중고,,
2004,plot,음모,중고,,
2005,plus,더하기의 -외에,중고,,
2008,poem,시,중고,,
2009,poet,시인,중고,,
2011,poison,독,중고,,
2012,polar,남극의,중고,,
2013,pole,폴란드사람,중고,,
2015,policy,정책,중고,,
2017,polite,공손한,중고,,
2018,politics,정치,중고,,
2019,poll,투표,중고,,
2020,pollute,-을 더럽히다,중고,,
2021,pond,"못, 연못",중고,,
2022,pool,판돈,중고,,
2024,pop,팝,중고,,
2026,popular,"민중 의, 대중의",중고,,
2027,population,인구,중고,,
2028,pork,돼지고기,중고,,
2029,port,"항구, 항만, 상항",중고,,
2031,portrait,초상,중고,,
2032,pose,"자세, 포즈  마음가짐  꾸민 태도",중고,,
2033,position,위치,중고,,
2034,positive,"명확한, 의문의 여지가 없는, 부정할 수 없는",중고,,
2035,possess,소유하다,중고,,
2036,possible,가능한,중고,,
2037,post,기둥,중고,,
2038,poster,포스터,중고,,
2039,pot,단지,중고,,
2041,potential,가능한,중고,,
2042,pour,따르다,중고,,
2043,powder,가루,중고,,
2045,practical,실제의,중고,,
2046,practice,연습,중고,practise,
2047,praise,칭찬,중고,,
2048,pray,빌다,중고,,
2051,precious,비싼,중고,,
2052,precise,정확한,중고,,
2054,predict,"예언하다, 예보하다 예언하다",중고,,
2055,prefer,"오히려 …을 좋아하다,",중고,,
2056,pregnant,임신한 충만한,중고,,
2060,prepare,"준비하 다, 마련하다, 채비를 갖추다",중고,,
2061,prescribe,"명령하다, 지령하다",중고,,
2062,presence,"존재, 현존, 실재  출석, 임석, 참석",중고,,
2064,preserve,"보호하다, 지키다",중고,,
2065,president,대통령 회장,중고,,
2066,press,강제로 모집하다,중고,,
2068,pretend,핑계삼다,중고,,
2071,prevent,"막다, 방해하다",중고,,
2072,previous,"앞의, 이전의",중고,,
2073,prey,먹이,중고,,
2074,price,"값, 가격, 대가, 정가",중고,,
2075,pride,자존심,중고,,
2076,priest,성직자,중고,,
2077,primary,"첫째의, 제1위의, 수위의 초등의, 초보의",중고,,
2078,prime,"수위의, 최초의, 원시적인",중고,,
2079,primitive,"원시의, 초기의",중고,,
2081,principal,"주요한, 주된, 제일의, 앞장서는",중고,,
2082,principle,"원리, 원칙, 법칙, 공리",중고,,
2085,prison,교도소,중고,,
2086,privacy,"남의 눈을 피함, 은거, 은둔, 은퇴 생활 사생활",중고,,
2087,private,"사적인, 사사로운, 개인에 속한",중고,,
2090,probably,"아마, 십중팔구",중고,,
2093,proceed,"나아가다, 가다",중고,,
2094,process,"진행, 작용",중고,,
2095,produce,"생산하다, 산출하다, 생기게 하다,",중고,,
2096,profession,"직업 공언, 선언, 고백",중고,,
2097,professor,교수,중고,,
2099,profit,"이익, 이득, 벌이",중고,,
2101,progress,"진행, 전진, 진척  진보, 향상, 발달, 발전",중고,,
2104,promise,"약속, 서약, 계약",중고,,
2105,promote,"승진시키다 진행시키다,",중고,,
2107,pronounce,"발음하다, 음독하다",중고,,
2108,proof,증명,중고,,
2109,proper,"고유의, 독특한, 본연의,  특유한",중고,,
2110,property,"재산, 자산",중고,,
2112,propose,"제의하다, 제출하다 추천하다, 지명하다",중고,,
2113,prospect,"전망, 조망, 경치",중고,,
2115,protect,"보호하다, 막다, 지키다, 비호하다",중고,,
2116,protein,IG1s,중고,,
2117,protest,단언하다,중고,,
2118,proud,"뽐내는, 자랑하는 자긍하는, 영광 으로 여기는",중고,,
2119,prove,"시험하다, 실험하다, 경험하다, 시험해 보다",중고,,
2120,provide,"준비하다, 미리 …에 대비하다  규정하다",중고,,
2121,province,"주, 성, 도  범위, 영역, 분야",중고,,
2123,psychology,심리학,중고,,
2124,pub,펍,중고,,
2125,public,"심리, 심리 상태",중고,,
2126,publish,"발표 하다, 널리 알리다",중고,,
2127,pull,"끌다, 당기다, 끌어 당기다, 잡아 끌다",중고,,
2128,pump,펌프스   댄스용 구두,중고,,
2129,punch,"주먹질, 펀치  힘, 활기",중고,,
2130,punish,"벌하다, 응징하다, 처형하다",중고,,
2131,pupil,흔히 국민학교 중학교 학생,중고,,
2133,purchase,"사다, 구입하다",중고,,
2134,pure,"순수한  깨끗한, 순전한, 결백한",중고,,
2135,purple,자줏빛의  새빨간  제왕의,중고,,
2136,purpose,목적,중고,,
2137,pursue,"쫓다, 추적하다, 몰다",중고,,
2141,qualify,자격을 부여하다,중고,,
2142,quality,질,중고,,
2143,quantity,양,중고,,
2144,quarter,1,중고,,
2150,quit,"(의무,책임을)벗어난 떠나다",중고,,
2151,quite,아주,중고,,
2155,racial,인종(상)의,중고,,
2157,rail,가로장,중고,,
2160,raise,올리다,중고,,
2162,random,닥치는 대로의,중고,,
2163,range,줄,중고,,
2164,rank,열,중고,,
2165,rapid,빠른,중고,,
2166,rare,희귀한,중고,,
2167,rat,쥐,중고,,
2168,rate,율,중고,,
2169,rather,오히려,중고,,
2171,raw,날것의,중고,,
2172,reach,도착하다,중고,,
2173,react,반응을 나타내다,중고,,
2176,real,실재하는,중고,,
2177,realize,깨닫다,중고,realise,
2179,reason,이성,중고,,
2181,recall,되부르다,중고,,
2182,receipt,수령,중고,,
2183,receive,받다,중고,,
2184,recent,최근의,중고,,
2185,reception,받음,중고,,
2186,recipe,조리법,중고,,
2187,recognize,인정하다,중고,,
2188,recommend,추천하다,중고,,
2189,record,기록하다,중고,,
2190,recover,되찾다,중고,,
2192,recycle,재생 이용하다,중고,,
2194,reduce,줄이다,중고,,
2195,refer,조회시키다,중고,,
2197,reflect,반사하다,중고,,
2198,reform,개정(개혁)하다,중고,,
2199,refrigerator,냉장고,중고,fridge,
2200,refuse,거절하다,중고,,
2201,regard,주목해서 보다,중고,,
2202,region,지방,중고,,
2203,register,기록,중고,,
2204,regret,유감,중고,,
2205,regular,규칙적인,중고,,
2208,reject,거절하다,중고,,
2209,relate,이야기하다,중고,,
2210,relative,친척,중고,,
2211,relax,늦추다,중고,,
2212,release,도와주다,중고,,
2214,relieve,구출하다,중고,,
2215,religion,종교,중고,,
2217,rely,믿다,중고,,
2218,remain,남다,중고,,
2219,remark,깨닫다,중고,,
2220,remedy,치료,중고,,
2222,remind,생각나게 하다,중고,,
2223,remote,먼,중고,,
2224,remove,옮기다,중고,,
2225,rent,지대,중고,,
2226,repair,수선(수정)하다,중고,,
2227,repeat,반복하다,중고,,
2228,replace,되돌려 놓다,중고,,
2229,reply,대답하다,중고,,
2230,report,보고,중고,,
2231,represent,표현(묘사)하다,중고,,
2232,republic,공화국,중고,,
2234,request,부탁하다,중고,,
2235,require,요구하다,중고,,
2236,rescue,구하다,중고,,
2237,research,연구,중고,,
2238,resemble,닮다,중고,,
2239,reserve,따로 두다,중고,,
2242,resist,저항하다,중고,,
2243,resolve,분해하다,중고,,
2244,resort,(자주)가다,중고,,
2245,resource,자원,중고,,
2246,respect,존경하다,중고,,
2248,respond,대답하다,중고,,
2249,responsible,책임을 져야할,중고,,
2250,rest,휴식,중고,,
2252,restore,반환하다,중고,,
2256,result,결과,중고,,
2260,retire,퇴직하다,중고,,
2263,reveal,나타내다,중고,,
2266,review,재조사,중고,,
2267,revise,교정하다,중고,,
2268,revive,소생하다,중고,,
2269,revolution,혁명,중고,,
2270,reward,보수,중고,,
2271,rhythm,율동,중고,,
2272,rice,쌀,중고,,
2275,ride,타다,중고,,
2280,rise,올리다,중고,,
2281,risk,위험 걸다,중고,,
2282,rival,경쟁자 경쟁하는 경쟁하다,중고,,
2286,roast,불에 쬐어 굽다 불고기 구운,중고,,
2287,rob,"강탈하다, 약탈하다, 빼앗다",중고,,
2290,role,(배우의)역,중고,,
2291,roll,구르다,중고,,
2292,romantic,전기소설적인,중고,,
2295,root,뿌리,중고,,
2296,rope,새끼,중고,,
2298,rough,거친,중고,,
2299,round,둥근 원 돌아서,중고,,
2300,route,길,중고,,
2301,routine,정해진 일,중고,,
2302,row,줄,중고,,
2303,royal,왕의,중고,,
2304,rub,마찰하다,중고,,
2305,rubber,맛사지사,중고,,
2306,rude,버릇없는,중고,,
2307,ruin,파멸,중고,,
2308,rule,규칙,중고,,
2309,rumor,소문,중고,rumour,
2311,rural,시골의,중고,,
2312,rush,돌진하다,중고,,
2314,sacred,신성한,중고,,
2315,sacrifice,희생,중고,,
2318,sail,돛,중고,,
2319,salary,봉급 봉급을 주다,중고,,
2325,satellite,위성,중고,,
2326,satisfy,만족시키다,중고,,
2329,scale,비늘(모양의 것),중고,,
2330,scan,시의 운율을살피다,중고,,
2331,scandal,추문,중고,,
2333,scare,위협하다,중고,,
2335,scene,장면,중고,,
2336,scheme,계획,중고,,
2337,scholar,학자,중고,,
2341,scold,꾸짖다 잔소리 심한 사람,중고,,
2344,scramble,기다,중고,,
2345,scratch,"할퀴다, 할퀴어 상처 를 내다  긁다",중고,,
2346,scream,비명을 지르다,중고,,
2347,screen,병풍,중고,,
2352,seal,인장,중고,,
2353,search,찾다,중고,,
2355,seat,좌석,중고,,
2356,secret,비밀의,중고,,
2357,secretary,비서,중고,,
2358,sector,부채꼴,중고,,
2359,secure,안전한,중고,,
2361,seed,씨앗,중고,,
2362,seek,찾다,중고,,
2363,seem,-으로 보이다,중고,,
2365,select,고르다,중고,,
2366,self,자기,중고,,
2369,senior,연상의,중고,,
2370,sensation,감각,중고,,
2371,sense,감각,중고,,
2372,sensible,분별있는,중고,,
2373,sentence,문장,중고,,
2375,separate,분리된,중고,,
2377,series,연속,중고,,
2378,serious,진지한,중고,,
2379,serve,섬기다,중고,,
2380,session,개회,중고,,
2381,settle,등받이가 높은 긴 의자 놓다,중고,,
2382,several,수개의,중고,,
2383,severe,호된,중고,,
2384,sew,꿰매다,중고,,
2385,sex,성,중고,,
2386,shade,그늘,중고,,
2387,shadow,그림자,중고,,
2388,shake,흔들어 움직이다,중고,,
2389,shall,au-하겠다,중고,,
2390,shallow,얕은 얕은 곳 얕아지다,중고,,
2391,shame,부끄럼,중고,,
2392,shape,모양,중고,,
2393,share,몫,중고,,
2394,sharp,날카로운,중고,,
2395,shave,깎다,중고,,
2397,sheep,양,중고,,
2398,sheet,깔천,중고,,
2399,shelf,선반,중고,,
2400,shell,겉껍질,중고,,
2403,shift,옮기다,중고,,
2404,shine,빛나다,중고,,
2408,shoot,쏘다,중고,,
2410,shore,물가,중고,,
2413,shoulder,어깨,중고,,
2414,shout,외치다,중고,,
2416,shower,소나기 빗발치듯 퍼붓다(쏟다),중고,,
2418,shut,닫다,중고,,
2422,sigh,한숨,중고,,
2423,sight,광경,중고,,
2424,sign,부호,중고,,
2425,significant,중요한,중고,,
2426,silent,조용한,중고,,
2427,silk,비단,중고,,
2428,silly,어리석은 바보,중고,,
2429,silver,은,중고,,
2430,similar,유사한,중고,,
2431,simple,단일의,중고,,
2434,sin,사인,중고,,
2435,since,-이래,중고,,
2437,single,단 하나의,중고,,
2438,sink,가라앉다,중고,,
2441,site,부지,중고,,
2442,situation,장소,중고,,
2444,skill,숙련,중고,,
2446,skip,도약,중고,,
2450,slave,노예 노예처럼 일하다,중고,,
2452,slice,얇은조각,중고,,
2453,slide,미끄러지다,중고,,
2455,slim,호리호리한,중고,,
2456,slip,(때가)어느덧 지나가다,중고,,
2461,smash,박살내다,중고,,
2464,smoke,연기,중고,,
2465,smooth,매끄러운,중고,,
2466,snake,뱀,중고,,
2467,snap,덥석 물다,중고,,
2472,soak,담그다,중고,,
2473,soap,비누 비누로 씻다,중고,,
2475,social,사회의,중고,,
2476,society,사회,중고,,
2477,sociology,사회학,중고,,
2480,software,소프트웨어,중고,,
2481,soil,흙,중고,,
2482,soldier,군인,중고,,
2484,solid,고체의,중고,,
2485,solo,독주,중고,,
2486,solve,해결하다,중고,,
2488,somewhat,약간,중고,,
2491,soon,얼마 안 가서,중고,,
2493,sore,슬픈,중고,,
2495,sort,종류,중고,,
2496,soul,혼,중고,,
2499,source,원천,중고,,
2503,spare,여분의,중고,,
2504,spark,불꽃,중고,,
2506,special,특별한,중고,,
2507,species,종,중고,,
2508,specific,특정한,중고,,
2511,speech,연설,중고,,
2513,spell,철자하다,중고,,
2514,spend,소비하다,중고,,
2517,spin,잣다,중고,,
2518,spirit,정신,중고,,
2523,spoil,망쳐놓다,중고,,
2525,spot,장소,중고,,
2527,spread,펴다,중고,,
2528,square,정사각형의,중고,,
2529,squeeze,압착하다,중고,,
2530,stable,안정된,중고,,
2532,stage,무대,중고,,
2533,stain,더럽히다,중고,,
2534,stairs,계단,중고,,
2535,stamp,도장,중고,,
2537,standard,표준,중고,,
2538,stare,응시하다,중고,,
2541,state,상태,중고,,
2542,station,역,중고,,
2544,statue,조상,중고,,
2545,status,신분,중고,,
2547,steady,확고한,중고,,
2548,steal,훔치다,중고,,
2549,steam,증기,중고,,
2550,steel,강철,중고,,
2552,stem,줄기,중고,,
2553,step,걷다,중고,,
2554,stick,나무토막,중고,,
2556,still,소리가 없는 아직(도),중고,,
2560,stock,줄기,중고,,
2561,stomach,위,중고,,
2565,storm,폭풍,중고,,
2567,stove,stave의 과거(분사),중고,,
2568,straight,곧은,중고,,
2570,strange,이상한,중고,,
2571,strategy,용병학,중고,,
2572,straw,짚,중고,,
2574,stream,시내,중고,,
2577,stretch,뻗치다,중고,,
2578,strict,엄중한,중고,,
2579,strike,치다,중고,,
2580,string,끈,중고,,
2582,stripe,줄무늬,중고,,
2585,structure,구조,중고,,
2586,struggle,버둥거리다,중고,,
2589,stuff,재료,중고,,
2590,subject,복종시키다,중고,,
2592,submarine,잠수함,중고,,
2599,suburb,교외,중고,,
2601,succeed,성공하다,중고,,
2602,such,이러한,중고,,
2604,sudden,별안간의,중고,,
2605,suffer,경험하다,중고,,
2606,sufficient,충분한,중고,,
2608,suggest,암시하다,중고,,
2609,suicide,자살 자살하다,중고,,
2610,suit,소송,중고,,
2612,sum,총계,중고,,
2613,summary,요약,중고,,
2614,summit,꼭대기,중고,,
2616,super,임시고용배우,중고,,
2617,superb,장려한,중고,,
2618,superior,뛰어난,중고,,
2622,supply,공급하다,중고,,
2623,support,지탱하다,중고,,
2624,suppose,상상하다,중고,,
2625,sure,"확신하는, 확실한 , 틀림없는",중고,,
2626,surface,표면,중고,,
2627,surgery,외과,중고,,
2628,surprise,놀람,중고,,
2630,surround,에워싸다,중고,,
2631,survey,둘러보다,중고,,
2632,survive,살아 남다,중고,,
2633,suspect,짐작하다,중고,,
2636,swallow,삼키다,중고,,
2638,sweat,땀,중고,,
2640,sweet,단,중고,,
2644,swing,흔들리다,중고,,
2645,switch,회초리,중고,,
2646,symbol,상징,중고,,
2647,sympathy,동정,중고,,
2648,symphony,교향곡,중고,,
2649,symptom,조짐,중고,,
2650,system,조직,중고,,
2652,tackle,고패,중고,,
2653,tag,손잡이가죽,중고,,
2656,tale,이야기,중고,,
2657,talent,재주,중고,,
2660,tap,가볍게 치기,중고,,
2662,target,과녁,중고,,
2663,task,일,중고,,
2665,tattoo,귀영나팔,중고,,
2666,tax,세금,중고,,
2667,tea,차,중고,,
2669,tear,눈물,중고,,
2672,teenage,10대,중고,,
2676,temperature,온도,중고,,
2677,temple,관자놀이,중고,,
2681,tend,(-의)경향이 있다,중고,,
2682,tender,제공,중고,,
2683,tense,시제,중고,,
2684,term,기간,중고,,
2685,terminal,종점의,중고,,
2688,terrible,무시무시한,중고,,
2689,terrific,무서운,중고,,
2690,territory,영토,중고,,
2693,text,원문,중고,,
2699,theater,=theatre 극장,중고,theatre,
2700,theme,논제,중고,,
2701,then,그때,중고,,
2702,theory,이론,중고,,
2705,therefore,그런 까닭에,중고,,
2707,thick,두꺼운,중고,,
2708,thief,도둑,중고,,
2709,thin,얇은,중고,,
2714,thorough,완전한,중고,,
2715,though,-임에도 불구하고 그러나,중고,,
2716,thousand,천,중고,,
2718,threat,협박,중고,,
2719,thrill,오싹하다 오싹함,중고,,
2720,throat,목,중고,,
2721,through,(-을)통하여 통하여 직통의,중고,,
2722,throw,던지다,중고,,
2723,thumb,엄지손가락 엄지손가락으로 만지다,중고,,
2724,thus,이렇게,중고,,
2726,tide,조수,중고,,
2727,tidy,말쑥한,중고,,
2728,tie,매다,중고,,
2730,tight,단단한,중고,,
2731,till,-까지,중고,,
2734,tin,주석,중고,,
2735,tiny,자그마한,중고,,
2736,tip,끝,중고,,
2737,tire,피로하게 하다,중고,tyre,
2738,tissue,조직,중고,,
2739,title,표제,중고,,
2741,tobacco,담배,중고,,
2743,toe,발가락,중고,,
2745,toilet,화장실,중고,,
2747,tone,음조,중고,,
2748,tongue,혀,중고,,
2751,tool,사용세,중고,,
2755,toss,던지다,중고,,
2756,total,총계 전체의 합계하다,중고,,
2758,tough,단단한,중고,,
2760,toward,-쪽으로,중고,towards,
2763,toxic,독의,중고,,
2765,trace,발자국,중고,,
2766,trade,매매,중고,,
2767,tradition,전설,중고,,
2768,traffic,교통,중고,,
2769,tragic,비극의,중고,,
2773,transfer,옮기다,중고,,
2774,transform,"변형(변용,변태)시키다",중고,,
2776,translate,번역하다,중고,,
2778,transport,수송(운송)하다,중고,,
2779,trap,덫,중고,,
2781,tray,쟁반,중고,,
2782,treasure,보물,중고,,
2783,treat,대우하다,중고,,
2787,trend,방향,중고,,
2788,trial,시험,중고,,
2790,tribe,종족,중고,,
2791,trick,책략,중고,,
2795,triumph,승리,중고,,
2796,troop,대,중고,,
2797,trophy,전리품,중고,,
2798,trouble,고생,중고,,
2799,trouser,즈봉,중고,,
2801,trunk,줄기,중고,,
2802,trust,신용,중고,,
2803,truth,진리,중고,,
2805,tube,관,중고,,
2806,tune,곡,중고,,
2807,tunnel,터널,중고,,
2810,tutor,가정교사,중고,,
2812,twin,쌍동이,중고,,
2813,twist,꼬이다,중고,,
2815,typical,전형적인,중고,,
2817,ultimate,최후의,중고,,
2826,uniform,한결같은,중고,,
2827,unify,하나로 하다,중고,,
2828,union,결합,중고,,
2829,unique,유일무이한,중고,,
2830,unit,단위,중고,,
2831,unite,결합하다,중고,,
2832,universe,우주,중고,,
2833,university,종합대학(교) 대학의(에 관계 있는),중고,,
2834,unless,-하지 않으면,중고,,
2835,until,-까지,중고,,
2837,update,새롭게 하다 최신정보,중고,,
2838,upon,-의 위에,중고,,
2839,upper,위쪽의,중고,,
2840,upset,뒤집어 엎다,중고,,
2841,upward,위로 향한,중고,upwards,
2842,urban,도시의,중고,,
2843,urge,몰아대다,중고,,
2844,urgent,긴급한,중고,,
2846,usual,평소의,중고,,
2849,vacation,휴가,중고,,
2850,vacuum,진공,중고,,
2853,valley,골짜기,중고,,
2854,value,가치,중고,,
2855,van,유개트럭,중고,,
2857,various,가지가지의,중고,,
2858,vary,바꾸다,중고,,
2859,vast,"광대한, 광막한 막대한",중고,,
2861,vehicle,"운반 기구, 운송 수단,  수레, 차량, 탈것",중고,,
2862,venture,모험,중고,,
2865,version,"번역, 번역문 개작, 각색, 번안",중고,,
2866,versus,"…대, …에 대한",중고,,
2872,via,"…을 거쳐, …을 경유하여",중고,,
2874,victim,"희생, 산 제물, 인신 제물",중고,,
2875,victory,"승리, 전승",중고,,
2876,view,"봄, 관찰, 개관, 실지 검증  보는 힘, 시계, 시야",중고,,
2878,village,"마을, 촌락",중고,,
2879,violent,"격렬한, 맹렬한",중고,,
2883,visible,"눈에 보이는,  볼 수 있는",중고,,
2885,visual,"시각의, 물건을 보기 위한",중고,,
2888,vocabulary,"어휘, 용어수, 용어 범위",중고,,
2891,volume,책  권,중고,,
2892,voluntary,"자발적인, 수의의",중고,,
2893,vote,"찬부 표시, 투표, 표결",중고,,
2894,voyage,여행,중고,,
2895,wage,임금,중고,,
2906,warn,경고하다,중고,,
2910,waste,낭비하다,중고,,
2914,wave,물결,중고,,
2917,weak,약한,중고,,
2918,wealth,재산,중고,,
2919,weapon,무기,중고,,
2927,weigh,무게를 달다,중고,,
2929,weird,불가사의한,중고,,
2931,welfare,행복,중고,,
2935,whale,고래,중고,,
2937,wheat,밀,중고,,
2938,wheel,바퀴,중고,,
2942,whether,-인지 어떤지,중고,,
2943,which,어느 쪽,중고,,
2944,while,동안 -하는 동안,중고,,
2946,whisper,속삭이다,중고,,
2947,whistle,휘파람,중고,,
2950,whole,전체의,중고,,
2953,wide,폭넓은,중고,,
2954,widespread,널리 보급되어 있는,중고,,
2957,wild,야생의,중고,,
2962,wing,날개,중고,,
2963,wipe,닦다,중고,,
2964,wire,철사,중고,,
2965,wise,슬기로운,중고,,
2967,wit,기지,중고,,
2970,within,prop.-의 안쪽에 안으로 내부,중고,,
2971,without,prop.-없이 밖은,중고,,
2972,witness,증언,중고,,
2974,wonder,경이,중고,,
2976,wool,양모,중고,,
2981,worship,숭배,중고,,
2982,worth,가치가 있는 가치,중고,,
2983,would,auwill의 과거,중고,,
2984,wound,부상,중고,,
2985,wrap,싸다,중고,,
2990,yell,고함치다,중고,,
2994,yet,아직,중고,,
2999,zone,대,중고,,
